{"$schema":"http://schema.management.azure.com/schemas/2015-01-01/deploymentTemplate.json#","contentVersion":"1.0.0.0","parameters":{"bronzerawdata":{"type":"string"}},"variables":{},"resources":[{"name":"Load Green Taxi 2015","type":"pipelines","apiVersion":"2018-06-01","properties":{"activities":[{"name":"Load Greent Taxi 2015","type":"Copy","dependsOn":[],"policy":{"timeout":"0.12:00:00","retry":0,"retryIntervalInSeconds":30,"secureOutput":false,"secureInput":false},"typeProperties":{"source":{"type":"ParquetSource","storeSettings":{"type":"LakehouseReadSettings","recursive":true,"enablePartitionDiscovery":false},"formatSettings":{"type":"ParquetReadSettings"},"datasetSettings":{"annotations":[],"linkedService":{"name":"bronzerawdata","properties":{"annotations":[],"type":"Lakehouse","typeProperties":{"workspaceId":"ece15d60-7ea3-40f0-a554-ced3c753f11b","artifactId":"[parameters('bronzerawdata')]","rootFolder":"Files"}}},"type":"Parquet","typeProperties":{"location":{"type":"LakehouseLocation","fileName":"green_tripdata_2015-01.parquet","folderPath":"Landing/GreenTaxi2015"},"compressionCodec":"snappy"},"schema":[]}},"sink":{"type":"LakehouseTableSink","tableActionOption":"OverwriteSchema","partitionOption":"None","applyVOrder":true,"datasetSettings":{"annotations":[],"linkedService":{"name":"bronzerawdata","properties":{"annotations":[],"type":"Lakehouse","typeProperties":{"workspaceId":"ece15d60-7ea3-40f0-a554-ced3c753f11b","artifactId":"[parameters('bronzerawdata')]","rootFolder":"Tables"}}},"type":"LakehouseTable","schema":[],"typeProperties":{"table":"green201501"}}},"enableStaging":false,"translator":{"type":"TabularTranslator","typeConversion":true,"typeConversionSettings":{"allowDataTruncation":true,"treatBooleanAsNumber":false}}}}],"lastModifiedByObjectId":"7983e1a1-496a-420f-b4ae-83f3f253ac0c","lastPublishTime":"2025-10-07T11:53:59Z"},"dependsOn":[]}]}