{"$schema":"http://schema.management.azure.com/schemas/2015-01-01/deploymentTemplate.json#","contentVersion":"1.0.0.0","parameters":{"https://stfabricmicrohacksw.blob.core.windows.net admin":{"type":"string"},"bronzerawdata":{"type":"string"}},"variables":{},"resources":[{"name":"Ingest Green Taxi 2015","type":"pipelines","apiVersion":"2018-06-01","properties":{"activities":[{"name":"Ingest Taxi 20215","type":"Copy","dependsOn":[],"policy":{"timeout":"0.12:00:00","retry":0,"retryIntervalInSeconds":30,"secureOutput":false,"secureInput":false},"typeProperties":{"source":{"type":"BinarySource","storeSettings":{"type":"AzureBlobStorageReadSettings","recursive":true},"formatSettings":{"type":"BinaryReadSettings"},"datasetSettings":{"annotations":[],"type":"Binary","typeProperties":{"location":{"type":"AzureBlobStorageLocation","fileName":"green_tripdata_2015-01.parquet","container":"taxidata"}},"externalReferences":{"connection":"[parameters('https://stfabricmicrohacksw.blob.core.windows.net admin')]"}}},"sink":{"type":"BinarySink","storeSettings":{"type":"LakehouseWriteSettings"},"datasetSettings":{"annotations":[],"linkedService":{"name":"bronzerawdata","properties":{"annotations":[],"type":"Lakehouse","typeProperties":{"workspaceId":"ece15d60-7ea3-40f0-a554-ced3c753f11b","artifactId":"[parameters('bronzerawdata')]","rootFolder":"Files"}}},"type":"Binary","typeProperties":{"location":{"type":"LakehouseLocation","folderPath":"Landing/GreenTaxi2015"}}}},"enableStaging":false}}],"lastModifiedByObjectId":"7983e1a1-496a-420f-b4ae-83f3f253ac0c","lastPublishTime":"2025-10-06T15:43:46Z"},"dependsOn":[]}]}